index,volume
3332,17.429127341755212
2817,19.573143321249383
2277,17.710982898411714
2021,55.489033492492304
2829,44.615602301916
77,15.111295535706946
1517,45.565212370991965
3249,43.39224481456055
654,17.084387294576707
1422,27.317522567277095
2407,56.74736991293507
2699,52.001234608959166
293,12.070503732613297
2575,53.413399013032176
193,19.320832239718907
580,42.94651100236072
849,54.4529582321667
1319,13.034091193528388
554,29.26115765553544
605,55.25011116451739
2778,8.324092545130913
807,21.71671884964007
833,46.8323898866396
1213,13.970238664624903
2333,50.540607476339396
611,13.620572658483113
3318,55.48313660390867
2676,10.130932591319446
1032,27.517445989030804
3222,35.52900536010906
2611,50.49936236197011
1134,10.620692108452126
1219,41.97608181356709
2208,44.89493760370086
2356,9.317004240890096
1564,5.017194912475855
2992,40.63408251806046
337,18.811310875950586
2169,31.56787375117692
378,42.1275873707238
2596,24.073391838155885
1113,6.306050733437175
3012,53.846233919347064
1454,41.787928160265814
297,31.52334506863072
3000,55.28895969082641
422,31.84060631480948
3023,40.932765800848095
3167,57.5684918083031
726,25.16999297833497
966,47.55663490272939
424,12.085490518462395
3105,51.43943123102019
11,22.807473725581907
1599,38.05134380721446
1780,53.93478151604406
2693,40.9541525595317
1267,26.65151279672368
2148,32.18559477935457
3043,13.89733419016915
417,23.588383455317
110,32.874997073432986
2987,30.800071062562516
94,34.94793606042684
2201,41.49112153222665
1414,39.935407425625506
2473,36.66901182381844
3050,30.778166026085998
2313,39.787424141182804
2827,27.18813530954723
2695,58.05795701873329
2675,7.763469331640874
284,33.44725947768157
1297,48.479674344058175
2536,38.9901770257441
515,10.7988571342795
820,34.629996407843635
2646,5.792448843369494
2839,26.69837523197947
1290,35.0818405353515
2509,26.376498860102835
1903,39.73577628585234
2581,23.07241953083572
1882,58.25914814987554
2461,5.434977784338068
3208,33.230800589203724
3268,17.416366765491972
2552,58.164644519293574
3077,50.860222685060236
2499,6.222327698978889
533,19.612552157588578
1463,6.381531049732905
431,7.206129904821907
81,11.13620407107711
2189,51.895286604599775
914,9.72704922215064
1300,53.72669544665869
184,10.080947400903655
175,52.083702301314354
1937,16.529099710421143
376,13.97054626979443
1474,20.20683965270297
1721,44.06328688726813
2599,55.50168698041254
1578,53.31461897754345
1555,25.07831636088241
1733,54.477275803157234
2647,26.799722112863275
1565,9.090288223773113
526,9.318763009942394
1453,32.660096550267994
2164,35.230382199461
614,11.150040448280262
44,16.634153957845403
1226,53.9444054425678
2203,24.33277162942522
1029,21.148961490852102
1481,5.15862771239279
2719,48.83223684706311
928,52.392307637762265
2042,8.842472697007945
3089,59.69071607691861
992,20.731928923727025
906,59.44940053159011
513,7.2913057357471995
3165,41.15637114106874
2941,32.88523852938228
1515,57.06219849061631
1577,16.961700053098024
415,35.17639459358696
2872,8.387762914250143
1824,14.47635868968671
407,52.439717841667715
1014,46.369028813321705
262,47.566727978085
199,6.28586429837845
1193,26.300785643981747
3100,50.521388443322884
2868,51.31652454325449
2262,46.426035421207445
2716,22.792467768223943
697,28.51136695248858
2239,8.223866602421857
71,44.53891374328398
3287,35.423433252413034
176,53.74426441648474
2623,47.49115814975288
1861,44.47446618369753
1690,34.01130268920838
1038,29.47871784470253
3242,53.245371134404344
1681,36.74187230099888
2889,47.12112078788252
2215,33.859081764727854
819,11.23243195257161
759,43.945608113041565
1389,43.807520138509034
2272,42.542063615339515
1866,38.07245819498318
2622,11.324422131084011
2408,18.193826223393824
1176,41.88482788172085
2669,54.07065178735578
2556,18.043250255706823
1914,46.34123761052586
345,9.653545414864833
884,11.855911619173456
1079,10.153877792672063
668,7.23258394658054
3291,17.78261039220076
2315,37.35861046151384
2793,9.093153139457051
2319,55.427044972268696
2180,48.1348484270363
2080,50.11776773907975
1371,29.731311677774148
1444,56.362653027681986
2310,43.80846433710022
566,17.62756410543267
241,25.47740613161408
3022,29.055689062749902
717,55.18387982909373
2191,53.67116978970101
827,57.539648368094795
1909,26.734551462824168
1699,17.550529421432767
1292,26.709699716079047
1581,45.68094747940352
2853,8.286201438581758
255,39.11430012937503
3081,16.397050394988515
3328,59.27635946198332
1215,17.591633872686856
10,22.042593215879812
1828,44.469300459781984
1205,51.326448351804764
2822,42.332290310716154
153,32.03756482284471
2426,10.96401550851324
3164,16.56216302737424
363,7.897184105875899
1874,18.652009985317168
551,10.14728136458405
2479,51.46089638045889
2379,37.10949173372141
1583,38.913711811033004
748,41.38587428072574
2427,39.9971697567496
3303,29.763952627147123
2563,46.54862317496914
763,52.156767269601225
1337,8.483153473526613
562,58.3648239913746
1922,50.0825571839203
3114,5.690095534256837
2247,34.89219091446495
886,32.1134263497502
2755,27.727357372675066
2566,34.30991846462651
898,44.71076319897502
1514,46.261740555170945
801,35.852306116258276
1199,12.204168162521988
3194,38.399198992044674
1732,58.94454373572796
1328,15.243279477623311
1907,30.473548606202144
1594,6.982804219529092
2910,58.916018429474384
769,14.02035571985467
2821,52.17789513990049
600,56.03230116707477
3230,50.816919680725576
1679,34.30518405055027
1724,11.19051216033018
1372,15.900754470001992
705,37.28112223151208
855,6.630064201547765
845,35.56531616521512
1423,15.97094338275907
2308,5.160645849701125
1108,39.00463627247055
2708,30.725054154192676
2101,36.99216361404261
892,22.037951124736555
1105,51.516375664312605
133,37.99622325803149
1642,13.398312910849254
1352,12.002971442487953
3113,21.481226714232594
3353,58.15295668626888
775,7.422230095765561
2510,34.98510304100301
3219,38.79073204956929
1818,52.75289720202077
1272,22.12670584907159
1812,25.294882922967318
2458,59.03185662118381
1830,8.768459202645623
1167,20.341150139244665
7,6.256920206112573
2505,6.7602972282731475
2751,29.904932168315614
3016,35.22250471421983
1850,54.9758066155972
3127,10.602004262718362
212,55.94611001874856
3293,18.954844984299445
2791,58.30192539398408
1304,12.197998926142379
719,49.61177349759476
2381,18.38483316259235
2658,40.775050200672695
1052,35.784317019139
433,49.75576681871986
2750,47.98933433381769
1791,20.414454545251445
1590,19.80386845461735
2576,37.78175454959039
1735,31.937532072672255
1207,34.57289003782416
639,47.33850559400282
1145,21.219702817078794
3253,31.46009918635772
2598,53.46268356033371
2089,12.059433158848963
1689,23.062916939672427
1004,22.76623873989077
2157,22.577461607239066
18,59.675938305480315
336,27.510596881506405
1293,27.717539872810406
745,46.73845273556405
891,32.096472513084336
1744,51.57464623459002
3265,54.933549955612264
2093,16.861688646233667
50,38.857795870916966
1240,26.984014383511134
2283,48.427197955859654
1437,17.482697053186378
447,7.570601055135292
1988,12.681872432526522
1554,25.804216765797346
2144,11.953614308336972
1091,43.064983244343225
1738,42.683372044069635
1082,47.10694867619559
2143,23.252365885414672
1760,26.719649996451913
1099,52.69683179311205
3149,5.983872568284747
1840,21.362602224803744
3053,17.64866231870608
2743,39.54959028297015
2049,20.016105409631706
2401,20.315950901472704
1386,37.204812280306726
1216,51.97477171880175
143,46.06119032290744
628,7.880635348788464
3183,11.192075723284773
916,13.361198565100262
2783,47.02290879572094
2754,12.174674691938954
2454,28.97090191457825
1485,15.243940846769997
2437,49.210045749087236
3151,13.099564915900288
2589,36.100131511928794
1855,35.37498943686299
456,15.164978991620634
941,55.34521807249384
862,37.388647161984515
117,19.615751095662965
1657,21.249133511288665
1276,50.21466188972317
1647,29.531933379857755
720,36.73492262928893
2498,19.82244829089951
2668,39.4034676363324
2653,42.467060339264606
342,15.055373869131914
3018,30.452734450082712
876,57.3608087642281
141,47.60561308621328
3261,26.593353244191736
350,33.78171396744401
237,9.184162342215597
57,35.567582417990536
2659,9.687304650174411
1567,32.66140547520667
547,49.0416144453785
2097,29.437227638655994
2703,45.63001914889376
2078,56.83078077281425
1156,42.72561076897098
1750,17.31779498711651
205,15.325812909515156
1031,45.1646533162536
973,28.251944248805195
2266,52.16464067077299
304,45.66460946137598
1441,15.189361602313536
2875,13.323215566459838
2209,59.100076347409924
858,35.18883078872451
2302,29.336416367492138
1544,58.67252729841032
1682,58.319612375330685
1749,17.78257489163736
1285,20.77477145756713
1548,19.06938897465389
2956,11.23549954518958
1870,48.86752091889661
2831,18.59023918867353
826,55.42122523045334
919,14.791605185582432
2707,27.070202106206278
1007,32.47743845397028
2692,29.867115647195995
2291,38.67891166561195
540,39.02326907205353
2893,48.241959729378294
3330,24.740998819800517
2998,25.918475102618654
1034,33.41862257064966
2981,18.799201152260355
1364,5.571693382766039
532,43.53265740974725
3351,59.599656115255634
616,58.95161003668822
2130,28.577104650862733
1379,48.29423758263379
1727,58.031026156885154
402,21.611979727033717
2572,54.09258534372174
796,16.236532444347386
624,53.053835703225076
1688,47.44658729113325
427,20.394268355097275
2463,31.06824123561524
2624,49.02160620000685
2592,6.531398908494363
728,52.673426515985575
1951,5.143156972599594
1507,37.06297035694925
2263,25.952091290994588
498,7.021477528779554
812,45.149799231212704
2503,56.874109810253245
204,27.050878156433566
1071,54.06691062765919
264,18.25313991367706
19,51.88621422068366
1710,37.96034936568856
556,20.147921628053552
918,14.095650497819067
2167,45.06850254141917
3079,8.99062528178182
181,47.39452871998453
991,35.49980738950697
2228,52.963577790444596
3014,17.103699545415758
901,14.84016801756883
266,20.78799200783822
2527,23.768906953764187
1541,17.080117763520676
2690,52.45449246889796
3195,56.19437418142479
3356,13.66074416230813
2634,42.28050375483662
666,51.68642216755106
486,57.74049565792963
711,28.587800550461136
2221,9.651914916652377
693,50.48249243803806
2968,10.539308659190235
285,29.013431985951694
1917,50.79741425875193
851,25.18958520760883
2797,16.973829721440936
1923,8.272011389534775
330,9.47279076737775
2655,41.3828928509934
2776,28.663103975169406
506,13.010478614868962
2549,26.75924908165947
406,45.65548360236481
2494,48.84548726978435
1600,38.376907211673235
1021,48.39935567428987
2015,44.07173789344783
3278,10.623747613326996
190,26.511377598613944
1933,31.12156899536851
3141,45.450893268379616
2249,19.51119611012269
1608,58.78748217163965
2218,52.50422115677993
66,55.08940549958007
2406,12.615342479247513
2415,10.296695097299136
958,35.83747176374872
952,28.91453752552483
1000,18.593848755678373
329,21.537647781445212
1326,50.326314735513755
1785,42.07842352406973
1718,5.131456137683674
2629,37.174737117465554
1295,59.115939353108764
2314,41.500776624354934
993,16.37681808565216
2242,49.15585677906031
3199,31.23889288788922
254,47.340058374333374
388,37.11885890934388
665,56.23627551553675
3124,42.13985099378832
1797,16.14411947735819
2412,35.812710998856375
2135,33.044305793214974
2691,45.06203454662456
381,37.9660363402349
2964,15.049023269153952
2771,18.79962385412944
2409,39.51817512024768
1245,50.398179093922806
2235,19.945115061139507
2057,20.874486612256945
957,25.70335782105206
3232,21.00192569692207
2095,21.64832315078635
3277,27.66464354164539
2432,39.946633706367855
3106,6.041922134976682
1220,21.110898152724545
1576,20.445072525837002
874,29.92571182885048
2230,48.678667364792034
3098,16.2092627573826
197,24.66599897683461
1856,12.139049421754251
326,28.288936138293334
2545,35.54628931020691
646,46.59015912137061
2306,59.635932493186566
2516,9.837651819958857
830,14.359445779972042
93,56.743282304573825
718,14.404620579651018
1558,48.88307775643358
1526,44.94993999810163
3038,10.309164580943438
1270,59.72859584463659
522,13.441474919275233
3062,57.619359229045905
2522,24.937450523511256
1908,26.390733427984568
631,51.87062062020343
1649,23.533496088891145
2100,56.76424141109808
2577,56.511721974877126
1585,36.61435889726287
2866,30.760738647873016
1639,29.734482796875387
1296,33.441341495968835
986,18.579588382216272
899,52.318280264851424
980,24.152020262089437
2602,50.069298589153156
2320,43.42402667313456
384,36.00441202076978
810,9.308186201373424
751,39.51833569986226
302,17.91484616996335
2742,39.440252904036626
2922,31.704865628115154
1525,58.63130685061598
400,32.86023155407854
1340,25.173460423746608
2784,28.562537232604175
2891,59.729038268118295
1664,36.95965530500083
1815,44.43642095277765
1448,15.823593672900953
1545,55.107385082066585
2848,45.687975539448914
3213,42.612679021533154
1,27.09168671904767
1112,5.39958024729278
1410,42.32078094215101
2863,24.41999776429149
805,25.436994066246548
2173,25.628429412434667
2368,17.77960477491027
1771,28.094761317158653
2643,20.14450544501319
1471,50.12043395312928
2292,41.35605674889922
90,52.53337907387751
216,20.74302061956038
2151,50.354882674737546
1114,45.79847298255145
1927,49.266372736327796
1426,19.107799284086248
608,19.444565422914174
2023,49.895088949587986
1427,18.90037129372835
1896,20.93051213732518
1061,19.672758175347518
1619,44.630292270761416
956,34.449537976027386
1890,27.289263866438443
3322,9.527438959088379
825,58.965903297432654
2900,31.125559439408672
470,25.992181332448276
2586,37.164335809602036
1839,59.28488168734517
12,56.633323779326474
2906,15.128939193450288
3262,48.893587470910376
658,16.03886608456863
3003,48.213812621787014
2088,24.91135115007391
539,40.620983574625996
2108,13.065670908567942
2166,48.177183128650526
1184,7.47852455680653
2519,8.87803200496331
435,38.89889779756017
809,58.441104156917554
224,45.54101282834172
2542,40.33020804924143
603,14.117249551833194
2059,25.708775923046638
877,41.43233366165222
2326,5.639310217976748
3071,13.20913181014209
1620,50.963774116693926
1225,21.3100015870839
767,53.970313590031665
146,7.072859428977303
202,56.5146826487253
1758,9.774109479522231
2051,43.34363866902577
576,39.650221127832026
620,21.26271447549567
3076,41.12292074163064
2929,58.650230705076396
2933,52.337599343133846
403,49.0060071935317
3123,13.633574611876748
2864,7.531006848277671
439,17.12353518819721
1042,34.503701005622894
1479,33.873197009755344
3103,15.996644698073544
2188,44.737927931161785
2975,59.51404586664483
1331,12.706659189997817
261,10.482140377375853
88,25.87834390767737
2398,7.219513611122967
3142,27.466164644525865
1420,23.99074999232778
3002,25.27900478821029
1401,34.32098027002223
2286,45.748625843883595
574,38.130189441680365
1002,50.08847094753322
1995,6.000071169601046
1509,35.47552734070014
635,5.114366695418714
124,36.513173003016384
1965,9.45685561922527
588,45.95502461172596
505,48.27114763495254
1973,28.12233716943109
2764,40.79717546125581
482,30.495465341478212
2033,26.298302196265098
1090,47.56980047063884
3109,11.922960333252373
1834,37.13239420129288
1252,30.403410080861338
2945,29.756660915935246
1139,21.03605173599031
1591,12.689222088361197
1560,18.57696946768779
228,53.910737383655935
2966,25.77904883270093
495,14.283726352688355
701,28.364252487859932
591,13.545648894793484
1596,21.81316934720039
1144,44.962064924897874
87,42.34464838699142
1829,28.372266059540856
2149,34.42952815960197
2803,38.52299452018452
2332,43.83226334519412
2990,51.49425018663671
1302,47.14036809070008
344,42.42107716504528
2351,36.68891741747322
722,49.33785480440496
1959,19.576459918351127
1488,53.77579240772806
2358,47.339493121120256
995,51.319873985215125
852,58.80574532803921
3319,5.610708133098149
2919,10.33128431127955
2225,50.88217342227826
1658,21.081582049000485
2781,48.57588281423485
3315,56.89612787691582
1026,44.247937112828225
2373,55.491032990854656
2,59.06265412108291
2222,26.337066441203707
2805,8.27395943858276
1901,43.6131042922177
1883,32.75465648280047
1941,5.678773269001456
1884,30.471605667476517
2744,32.208931424811084
3314,11.812632900551659
2654,58.59308363769157
1074,9.972136001880035
1672,43.98422687496026
1867,58.88155994684585
2704,25.94727176470566
1946,15.232399051417277
1330,30.91093853123776
1656,16.35681320763641
1684,10.990460790485294
1706,18.24283804382884
2557,17.452361644923478
2539,13.500201113255851
169,42.66804508264058
1627,43.64910352779102
1881,42.300360612441615
1196,19.14525436866726
17,26.9870254728433
230,45.662895008629924
165,19.09661210432819
1980,33.99164296743574
2824,28.063619714336024
1781,31.192079649592433
2372,6.224752269143714
2982,52.359688061204444
1899,50.44861501511443
1011,54.540197604761985
1787,55.796019427320545
962,16.831628314844984
2301,47.87631611196147
1097,44.59934943922357
2495,48.87677949748859
2234,45.71311251647682
2386,20.367999534485307
107,47.002545108872546
2871,24.343545810316726
555,40.919440827297684
1143,22.38339092331579
265,47.838893025486364
1250,45.084440971083126
320,35.74488998996544
883,39.99114394742623
3245,21.87403264171642
932,59.08913145022831
3326,8.973017213334206
2404,29.06779600251898
2325,27.379454522820385
1929,32.01544058479501
1503,37.9790342178453
252,32.74045142257341
1430,27.70764959148869
102,42.5707475874276
2257,37.045699941227426
3177,40.129123599035786
1501,31.274073173387006
1148,47.77422960161876
559,52.452933739781194
3309,57.087107935965506
2274,33.165932514312246
1367,17.94820152304355
1950,8.765475812093488
3340,48.18847046391729
186,55.353159050806724
2217,5.306967676316335
1673,52.67584209698469
3026,35.021353314360084
225,11.709783761918988
1747,56.910656426672574
586,5.033869252838105
2297,59.0558240166891
1645,51.77703337584959
1813,56.29105446504267
409,44.824688196146965
1498,13.637515489557188
3033,17.252934480268365
1044,41.25566258047869
2723,42.84595021510574
1794,14.791761895640052
60,36.566419275639646
2993,30.211779723603883
1863,49.73761336430705
2888,44.57637166335394
243,36.52806391404354
2722,58.82507083726163
185,41.81402000406662
2490,39.25300561422434
1314,22.440791296852066
2129,45.639684563521364
1696,34.6397054930315
2496,11.833949235685898
3156,55.29000141650203
1622,48.82741234752223
2729,28.224445737901497
1234,52.89215045706611
1638,24.391821047329206
1418,50.65908098495983
2265,51.70920043587516
1878,23.273313158937672
949,52.09138896645225
290,53.33373920226456
840,8.202160436092612
3049,24.631826621239192
395,6.8471777867239645
167,43.62565782494526
200,39.901769677126524
625,9.415835113385302
219,36.65500991173927
2856,55.65836582795203
1513,8.287418626150162
3270,17.627176286115365
2425,46.32474106309251
1745,55.39921490709558
924,14.726701676403078
1254,20.619451370284864
3323,46.14689433797508
2819,34.26701124932507
2168,50.019690288250445
979,48.01609505539147
2852,32.671014945655706
2711,10.083717511903494
2305,6.794085718655005
1177,23.752360534056884
1893,8.728079636728687
1261,17.96255704324291
2102,35.54578785609864
1753,6.517684625803821
856,9.30209412418052
3282,59.1051488514257
1695,21.214659497378605
2607,38.80560308511394
443,22.267386083717316
1406,43.22605745912726
2844,47.32664817710577
1191,49.662728118969284
2756,7.906296065372859
1852,14.253910902303126
2374,44.128143161991105
1767,53.409222533830764
1405,50.91099332176666
790,28.324787219672984
3343,9.161155196558246
3028,36.270874456758584
1584,30.78678215767037
543,6.577464428313286
2497,9.429720737871548
180,14.490862850398017
3162,22.547486749709453
1473,37.17015609203102
1009,40.61907989818589
1841,9.123119648261742
291,29.88999207381775
1491,22.714993044751296
1536,37.88670116272746
531,20.694511404181682
1522,32.50303284770054
89,59.49605845397647
2567,31.152340809207214
3146,33.96700161057139
2150,52.68131109608188
577,24.087256571291068
1593,39.82931904603076
1019,35.645726329059556
52,47.7728614552579
1483,9.73392719478471
3128,46.19277073302906
3310,14.246470164934252
1822,50.84522007159737
2389,51.04832428092227
1755,14.753082234834931
2184,36.59862993140097
2969,5.032717752427977
182,6.320994873280837
2341,16.566846733803697
3134,14.094414744378598
3130,37.428185593541436
3334,55.90857677015164
2003,54.59843781276406
557,5.225788294056658
2181,16.105961271087402
113,18.586347579392616
1708,30.610277036503255
1854,54.48340750555601
1462,36.22939308626315
3074,35.40904881747484
3148,44.17556264605876
327,47.69248098797358
171,16.668970138672066
118,27.503053607212312
2954,27.02943819752683
1885,40.264538513691754
2041,23.854438369902894
2298,45.79059949060143
2413,15.061861006254171
548,27.738458855840573
2814,13.212177486213804
1180,26.01407138465146
1665,58.12305675172749
2366,57.15510707933548
667,43.70177348765308
1849,31.73824921749579
2293,6.628461952089678
3121,24.94733625007067
2459,49.81760089507351
2227,39.58228398088803
1725,21.40053541780538
1974,15.948719292148986
2593,39.16805592583692
54,44.73936387047724
879,56.576165562865576
126,14.426864494892175
1442,49.09629967920976
67,59.74466064200773
2111,10.542879000218276
2774,11.490924689610603
2070,13.719783272057557
296,44.73290531761768
2107,51.23874141456514
612,35.322964860373844
2065,16.29049733337552
310,35.26659034023358
1085,30.109328078012975
111,29.118164020483224
2336,22.60202784848807
2694,59.25776670776856
2317,37.66022262685054
2930,10.880324036659836
2702,26.94300513231012
2269,39.84199332842925
2988,46.90969602075673
3084,58.57989660552295
509,13.235720685794657
1063,50.78987394459215
2946,30.062702549045923
2083,6.401433341196812
604,18.52621196220896
561,31.307756316332497
564,51.140927986358314
597,33.14949010889836
2920,5.447458864794458
1338,15.559241636027991
2838,57.669246311539354
592,23.30144033713629
115,11.286232456742052
2628,49.480415310201494
999,30.670835115170348
114,13.842183004335704
2452,42.543756050200386
2449,10.768686407877272
1203,34.235840203426754
2762,34.22283449030257
857,5.560632348271537
1149,57.08390540074949
2062,14.652267587470735
459,44.96686988824643
1520,49.07352588610559
287,28.199415460637844
450,40.092116387170734
2696,21.27614660266526
1652,12.89168522174265
2182,55.85107343861397
988,44.183001899482896
2627,14.410599348548727
2029,12.62587720186055
128,23.419956199350274
51,13.733386212298052
2451,42.22397847138683
2177,33.37083673014433
1233,35.41511536682489
69,24.820121358711422
1613,53.27634125347475
2276,41.597276139107734
313,55.788515825042644
1251,58.680951095012006
882,16.02323484315977
1089,8.800973439197083
1716,54.42559348521365
3170,51.420846153395054
2686,56.72336106194499
3145,17.447804170591304
2641,56.57788208554208
1508,21.53366525640707
500,41.96527450185314
1962,9.619035314381666
535,6.238722237858644
3260,18.350280607276762
3197,43.49942406332353
2604,56.05172147952433
3289,11.970261479114615
1851,44.823703334022255
2014,17.739792389120304
1921,59.38621531995209
1248,30.39068149817588
2883,39.658849428759936
306,28.9890187961149
2674,6.891048575315695
2349,30.723171591095632
3227,17.954878707793334
2474,28.74068173459205
1617,39.03362855363425
2903,43.41493579616554
3295,33.70666525241735
1632,14.855445581184108
1179,45.59570855595284
76,20.085198189571685
207,7.44375882915249
3010,29.359585316453245
984,59.606786195758886
2955,42.09185573288492
412,26.9059177521087
1766,58.51575169664025
867,22.778821482970645
2909,14.117296613498203
2640,18.072801782373652
2271,23.906833963596483
3143,50.26965178039974
2860,57.64190387486265
2419,43.60630030818265
715,33.0411108422453
401,36.197962294435385
677,7.039182193899652
2436,6.577232229800336
2086,5.103305141089348
1409,49.55656575402234
2126,6.507666258617926
210,19.443967325865813
2779,39.41806621043325
1723,51.89224045421579
2387,47.65557809860495
1845,51.81490395150269
1115,50.18690996640994
1412,58.20018067254794
1778,5.85730595556584
2525,59.56881718582347
700,28.66543580813632
367,43.624900744556335
1556,54.83087408070518
270,43.28941218202955
37,23.70765909856079
380,6.29313360136589
1339,27.23498532460786
1482,56.743407515226934
1889,25.65164221080765
80,28.421742888398093
1278,18.93567075269123
340,24.256474207819966
814,13.632745615960994
2220,48.697245315958995
3347,40.427899884069284
2103,21.806039752388212
923,31.677387073958624
2081,28.450807249938777
926,39.73694805456078
1230,6.746806825478302
2986,39.0762256460118
1932,9.94798595011974
2757,28.675383664312527
2045,5.63296892312195
2307,23.15906731740875
847,9.51398218928098
2416,14.364448859243131
623,50.84555481983024
2977,23.68873589305848
1073,15.919127726254231
1938,58.29932609915156
2371,28.46502208162197
1237,17.11457865554936
967,58.80298427833914
2450,11.193376916071493
2978,17.503190914354896
1537,38.421166392546546
1001,26.395777572346432
1653,24.43454125708281
1429,37.107336995649774
366,46.43925088226629
1162,29.056244918026124
1774,46.70948417507479
421,45.740359901929516
797,13.362870201771527
3231,22.106806741184894
1821,35.98798299015476
3179,53.51279537712276
2837,11.976977467980934
382,50.19102655213409
550,11.173016546778204
1218,47.82572553303387
1700,47.17508822163167
2991,50.92649907655384
542,17.12976818952991
1832,53.80284984554377
1355,53.54082255012108
942,43.731586163257525
2120,9.026341066018128
1803,45.85316019357889
2603,34.54838450181051
2768,31.04559408421831
974,14.911057588338876
2726,58.561331547989845
1178,42.43798633701234
2186,16.34767544058651
2132,7.445802851584592
757,8.90207264299179
3226,37.038741699821614
1662,12.10230839783767
1470,31.224190253949168
2199,24.05099717882918
1046,58.26668671510489
1875,26.878307511335713
2595,33.676018480955115
894,41.33137638874314
1433,45.261716713590545
3284,52.53581121928836
1680,39.100465884434534
1859,21.77198559036473
2074,9.059735343523986
2752,24.35638794204048
1257,40.37760501883134
1195,46.32502878709313
35,8.132304170727807
1871,46.35661968323744
2472,34.53946306034916
2204,19.09150672040931
370,17.810638241688697
739,55.996784424180426
1633,44.74111311135662
2330,54.14379402640071
1035,33.58680672236209
3063,50.90357341405644
2005,26.94983523188282
2895,10.218193568736735
2327,50.02983748516756
2873,43.77315930959843
1806,33.84643120099622
3009,28.649332733194935
3193,58.00181997048881
179,59.15324459557362
1572,25.36249057252487
452,35.10075121116115
333,20.58742535627085
781,46.86461249929081
2428,53.47014674908279
1413,39.85838485502358
684,35.09349647508783
1533,57.35688071172233
2500,43.32539144271074
2171,22.622449950121553
3090,7.8395728493268075
273,17.162037672891987
2073,7.446998429172577
490,53.86421663573596
1823,46.073247709895895
2621,10.843906965285825
198,22.50386268806174
1779,32.23360955786312
3335,10.957655192917658
251,30.909559280312088
2364,9.46865845994068
3352,56.23884210133195
737,23.46817111644277
2304,14.646852616900642
398,58.057412146634356
868,10.655891633901867
3150,38.76221745000612
298,16.040473509803668
2311,44.35199090267934
281,52.315579476406896
2989,28.625958338275062
1530,40.23795156364789
755,6.053345028153626
2367,21.498439621803904
104,56.78376301966404
446,7.921348233296426
488,27.028207565667895
2240,16.8271369772743
491,22.56633735208193
3001,22.12243560828337
322,54.69943163582005
1198,45.06801931280706
3092,16.83772188857206
2560,37.848691477694196
2136,31.339370814868964
2843,20.617707480613845
1407,51.643318949490855
929,53.60736702720984
2296,10.73461478274383
2094,34.7589263181464
3297,48.52711429671692
1546,53.61408376354791
706,38.7545684376231
2026,7.814830250867045
1904,5.143609442505486
3254,16.45297790520865
2526,52.186901206096195
2212,5.263668506748378
2076,46.94309872769358
449,22.461855331875356
351,43.8848030323692
3299,29.545622880401336
1027,54.72335169144226
269,54.87137243205366
314,49.11984058270652
3034,27.24060890358098
3238,48.130906498006425
130,8.158341795198139
1998,24.090339325508403
2335,13.872710859212033
72,25.783297494601197
945,26.483381307762865
1439,13.239730396601466
1126,58.9838994769245
644,25.627655296747836
1486,55.845095738833805
1833,22.564141957700297
1731,32.242651211941556
1539,59.33047879052087
2455,29.769015168689457
1069,33.29767848101238
2808,6.49096121618689
2342,14.632481758514999
2196,13.545137549648533
936,38.848239910455085
1984,42.540353575937935
1976,54.74856086753117
2786,16.94690775109283
201,10.669295887200896
335,49.15987717861035
1966,18.191015658850738
1746,11.296959514193123
1310,7.0871469201143045
1671,16.008962275681682
3013,53.94932011114235
1360,29.765035050622327
166,28.184173941389282
1945,31.200239613506543
3065,38.29663092610715
903,10.126972127675224
2878,58.85293241576959
307,52.61872309860693
3252,41.352738093353004
1397,50.342244686685795
2513,48.47503193262762
250,7.300800352429045
2734,31.31056618378716
1247,7.92521681637484
2688,44.212478793739606
177,34.00359251666905
1598,34.2056812113824
2011,37.01433436095743
1574,27.498877736783257
2815,23.495218857225595
1925,16.318012743477503
2710,6.53876707334779
2538,7.8841390631397035
2156,54.584857093607184
365,51.914026992304635
913,23.19860579632718
787,15.639922684075652
316,31.7492379372199
15,12.901920027893674
1817,45.55436972483669
3354,48.75785926989794
2391,26.26763832829004
3203,46.79906082930225
2721,58.88429700934727
2660,53.261572833567726
1967,23.938952694263804
2422,6.34986277077585
1036,23.038772352660974
2090,14.053863239982753
850,30.10016792489159
881,14.320782839835097
2442,45.91027176923957
2092,23.95067254150034
1534,52.62407150163072
1701,52.820552843978426
3036,5.321454367026803
2812,5.123931143662829
2917,14.466622306000477
2517,29.34763383388557
1624,13.758600650526235
2445,23.153750294644055
1289,35.7809912868482
2625,37.09205364793826
434,50.3372603798033
2923,29.63691384167865
2957,27.073183400202733
453,30.4558185847155
1960,47.26130974803167
3021,10.568619906918169
301,5.009161909489389
1104,39.06662605678753
729,49.49026822937875
2976,9.017681178845564
1958,7.726826502952136
2642,28.76288053226111
1419,46.740502971151344
2580,54.765363257809085
125,31.06479435543948
1390,28.723663627930183
1341,44.0837242353198
3337,50.47475350013786
2044,42.720629909838
1301,48.418106018888444
2197,57.88087191843479
1734,14.1741679770588
552,44.031696580653524
1603,15.94046643052993
2799,47.843980973468135
319,36.93296962249687
1943,59.68005680408496
2951,48.74905956823782
897,31.179973038259746
1320,38.946178034595754
581,33.569974544124634
2030,15.575952275118345
277,19.116493436404145
794,13.270665326522929
2828,34.550208173311404
148,15.668386571152602
2558,54.422146462184806
413,32.52196453991357
1373,54.27786524311767
2841,15.977578038274658
2551,45.65401059497151
1100,53.57820424246231
3311,30.55086433160991
3101,58.98409370834593
1391,47.171264621080184
40,21.904934165132104
816,58.985902457597255
1155,36.94836501400249
2952,20.04890323006524
978,10.395145268008122
2289,31.852967929280364
2071,15.348444930638815
766,31.635033171019224
1077,40.2059435455103
2574,45.41542308103281
3085,44.160100258005016
1056,30.0237855382847
1449,38.02336103111502
2216,46.57182549103206
1969,23.909436692785594
671,35.61409956122074
2370,37.32913636558814
1078,10.041473536410125
2229,21.774854726515755
1392,27.163373200242372
933,47.7478535965841
379,49.39387608621865
1944,47.48278480292834
2448,40.687530858103095
3189,44.74378198925589
1368,27.7093995132796
2411,45.93828048187706
921,29.334002400369855
30,29.25203912118316
649,22.636196628915393
2359,5.176566601003333
1694,50.853449439431515
303,43.77133575786806
502,37.54866570241306
2159,54.54017334093174
1936,22.99834468341853
534,49.626780730083176
3019,52.89991953165217
2790,11.975055797631224
1127,54.36698917811051
1587,58.74135664318363
2997,46.42692030612325
2983,20.706901998097003
606,20.225353266248582
1862,9.7084980140229
137,22.0741303488936
1359,26.562319449265694
2061,43.6765546288478
328,21.08826037420262
2507,39.311943199528756
2361,50.19633520059677
2324,8.252561422882716
2597,7.363545073501664
2759,44.519090682920606
2468,45.73131553500492
793,40.124333452988225
593,28.387156542445872
1209,35.730266197747184
1049,38.42563299009088
3160,48.96650590168609
1489,10.504656405256444
1582,32.92597778493934
3187,48.60959117861293
1810,21.093951660629536
1722,21.58886194402656
1858,39.989119205257744
195,6.951676830988987
743,46.59546414067324
462,20.101050798619923
2737,10.482364862912618
2214,56.35440762013289
528,46.86457602675761
1531,41.152093159824325
42,36.144487533207965
2648,26.09116920601119
2836,50.98792585267049
132,8.300717304108915
2846,23.56184580504432
325,36.8679878114361
1060,11.291507005037593
744,56.98405727535162
1532,36.43123470310477
1305,33.25192668120302
863,38.490992904355664
1408,33.07829328313433
3228,29.982491750236598
2685,49.97715880825996
2350,49.388473887766594
1322,17.945824345681636
653,39.1295935016038
3190,53.26339956006923
485,29.483110913874206
1601,36.89898647304473
3342,52.89644077233475
1953,32.531533245053396
1635,58.920340218199584
1440,45.533918917696674
1096,46.38006368485177
746,39.795561220274024
2559,40.931146826976764
1989,6.068116894048199
444,25.93416678729895
1762,43.54644224540401
1523,29.99696063141891
3239,8.152284192393164
275,5.538661759728568
2840,28.37225410137182
1873,5.732109070350856
2950,24.72983603502715
1906,36.531864162858184
1571,18.21085110824475
1869,27.105723977260855
2138,39.32926213613077
1022,20.60450324486068
474,58.75550756618417
155,48.96326291910222
346,33.64918993174052
2084,5.169794394876877
893,58.263954735272435
2798,40.190851160032125
734,50.907533888846
844,42.850358927510904
1037,44.70214226286092
1131,19.32079881809218
1754,44.473685012330385
650,46.91233606091278
3169,51.47217487084183
3120,15.73926079939122
2260,41.471602521848666
3135,51.05306448667818
758,11.960453601962431
3041,23.924571373672574
569,40.57938315552476
2431,57.90422005107063
2887,59.440960177252734
1263,15.643943195079245
3229,38.8969798482362
2679,8.108626706632553
1336,53.04747457740442
3138,36.59540189381133
2337,27.33014407454554
477,7.804763537414883
1646,10.28755056130069
517,11.095675779346294
2741,19.209485779834807
583,26.80239307312022
2091,59.95497396066317
3207,37.91501425443716
1312,43.82661344071944
1258,17.268286949174467
1068,39.95201551327677
20,18.991730238060015
760,23.522703967472598
3316,56.78032800824043
2785,18.440391550655242
2113,34.58338632896232
3185,30.942155118232126
323,19.701848368553676
2661,51.6818382436793
2493,56.354573334261524
1047,13.088621784056475
2651,48.27535336697185
239,17.38134060958169
2680,50.14876198545175
2462,47.27585790056035
1971,57.9350490969783
189,54.84210589870702
497,18.622121701860237
1080,31.09100151155212
131,24.381017013424945
2105,20.68824710550642
2506,41.44347149144495
2795,42.7007773449593
2106,35.450100167510456
164,28.659085138863606
1676,14.418954009802246
3237,50.76060332159498
1132,24.51106735508447
970,19.35576378191608
3075,11.24013236383379
2739,53.09080404849305
2792,44.44841580660622
895,57.38593027110241
468,8.258838412798235
1369,29.716708429741775
355,23.110508057750764
1086,17.4720259322155
940,48.37042567576219
2514,37.90676426638784
1421,11.529231587025436
1232,9.024361161392886
1181,11.138559813012863
3051,38.78794660281578
2885,9.956200518459374
2376,56.57870312575736
1561,54.98168740835494
1802,45.3047747184835
3099,37.42903111470365
1055,37.5303507002945
514,6.804825781372534
2052,33.210833226335
788,13.585382742799535
1538,36.85804938884214
1010,19.70838005107597
2638,6.664152346710192
1614,36.65193430184475
1844,41.38532961753005
931,21.168370111811367
714,59.65771461732825
3080,55.43986465898427
3182,43.83026645894634
917,31.12441376760882
361,18.734297318615162
61,6.779434553611514
912,39.15479404516368
1358,58.96024311215037
28,28.624246857188815
1153,25.176530163648714
2996,26.306026224055774
1271,24.084371744568198
101,22.394302246201235
1956,39.00613860731633
2892,43.85927352994233
3125,24.676793408547972
783,48.73815417287795
2666,36.74677575893195
1306,13.944401823569468
678,25.253634574672947
2456,6.901204126691952
1500,36.87356145018215
3117,37.360714888978976
1033,59.30512516872637
127,27.18653894120653
1886,32.47011292538342
1776,53.9142726648268
1977,29.090740581509326
354,47.12885551772523
2671,39.40215087425291
1118,9.691519734097199
2601,58.75369953026086
48,26.759022372755805
3200,49.09386654241681
2278,24.36379431457976
1739,9.318056002662033
1801,59.43757079020236
2175,40.48785540457036
404,50.18029998305093
1253,11.147328175405221
972,40.620141545867675
3196,19.719367659824613
2140,15.055973250594402
2861,39.1377119094309
2421,51.21326240690496
3355,39.85715019490502
2789,51.41349835501531
274,55.09059689224394
2457,16.181426913948332
2153,12.65485263785991
483,56.00032112465361
140,59.1217129732932
1066,25.842708456103427
256,16.310184940778463
629,6.954836177423352
1166,17.402950899457885
1586,19.184391102189082
1993,19.963676882252443
2435,46.51544768126752
570,14.096858599109984
1547,55.8100075961929
1846,13.589895641157032
607,42.88383881288793
1363,34.78980829487172
2769,18.389875205730725
2264,43.14714282110961
2862,24.957509363260463
1201,29.929332578406164
1528,29.80027580229058
839,41.358756643777866
194,18.028472198937244
2579,33.13460377006854
873,46.027926265509876
818,36.5990709719241
2985,31.018965999280788
1623,9.050290581508776
2466,30.226279025893646
2928,16.67558213155234
362,40.62213596025575
2012,39.45300289835805
925,46.54754973843521
2075,50.29830958638954
2633,9.395649147260485
2782,6.963613703477937
1510,17.29255676925311
837,42.83270643941822
360,49.970035819614544
63,45.938873079771724
68,56.03861345595628
2907,42.13593632643231
1985,16.36647240472893
271,11.419610241415231
414,55.17674019626504
1351,41.55525993369941
938,50.35496966820358
969,40.580070146198956
1398,40.83999034484668
383,57.1926732892032
756,5.211163443451349
282,59.27106312849155
134,19.357712524597382
2343,11.979026150963191
2787,13.559746558281642
2476,50.52695157389531
1527,45.697272222461564
98,56.900335376158935
1095,11.16614783758322
2697,56.09031348445678
937,58.542970721043794
1291,56.442038415595
1519,39.192457310975556
842,5.052495179801676
2908,35.43635924964738
3104,30.901600465933328
1872,39.49111554930545
1563,27.517633243867852
1790,24.858908628944267
3058,30.642873516352527
2019,44.632976251506115
2999,30.34638200942716
2571,58.17872143327475
465,23.232846529447507
1636,54.10380611748926
2682,25.795575944487428
1543,50.669136343758424
1625,46.50715360068761
3068,41.515517564798856
585,49.9711488554918
1963,13.000953482654984
1975,6.205044584828784
484,26.213873717142988
2056,40.4629521620471
481,36.016732259352544
3274,38.34091722791097
1831,32.64964369140268
1242,19.189852642950093
1344,52.389539595636826
2477,15.569921071736264
1065,40.90230802034732
2154,19.06514290464944
3338,6.8128648403091026
905,27.036562572900475
1524,10.760724925220474
2261,12.92441335725888
1597,32.652905247732114
1939,30.375581804947597
23,14.056287603098001
2649,19.34847626818731
1826,11.47986560330186
1478,37.64164132483072
791,34.76810119140718
1202,49.33101284907374
1327,29.985089837019554
2482,17.00493546719325
2520,47.052881347597605
2125,57.71058170845957
2082,26.419690296418285
2701,6.257082394038533
2246,56.24077168867115
676,27.710379264377856
2165,48.30129897579596
1641,14.30824551751165
1445,44.25911052002115
2656,54.23138319545728
910,56.91959027213472
821,26.45846273633069
1221,53.47662250902892
3266,17.94441086836704
2417,56.03362136970872
1385,24.614454205092734
1361,38.13403405371165
220,41.8318521105728
419,11.956641298274025
1264,11.102950450479609
1496,47.70437126792228
2632,38.05993298197947
1705,20.087341817601374
56,48.45192030578605
317,58.75805143159094
2244,49.91389378203588
2809,51.77309645913174
2384,46.75897794236599
1789,17.059420685013325
272,31.380677688318926
1173,16.410560392031527
3317,41.30145304714659
144,20.28900851002433
2626,47.413365367289344
0,35.39110928160841
96,13.890462223849473
2614,36.1001742979839
2213,5.399470836318352
2480,27.384500823412765
2736,32.87180530944836
1130,43.52933017447056
1660,32.132498073055146
170,8.512118511245427
2287,15.059507463506721
471,32.9198330819808
2842,52.39330849013462
768,25.803182046741764
3312,15.263850636046039
3152,50.219559188668306
324,10.223105862469623
3005,33.09305756828063
3073,53.30125152768335
221,33.238197251746385
1050,42.73264553586177
765,32.981256480916215
2683,45.521379645921584
1902,55.68267249689302
2405,38.1104746999101
3015,27.71014931742616
1287,57.07249159004312
2724,28.31299323069304
1816,50.73448640902705
2469,54.48593481989964
1868,23.832742981131048
2818,13.831010393884183
160,42.45694046472051
1568,24.171849518557377
2256,16.380290204613004
1562,38.190714698749
2731,21.04123412212244
2973,22.142425997754728
2733,11.43760393821599
2397,41.90555887638878
2187,7.144126534331853
2706,40.424413811038335
119,42.22283511371773
1058,29.962890828411805
529,26.785513005713614
1165,54.21997308276173
53,24.464826825806426
1185,36.29475124815487
2066,15.175870919420127
2312,19.907271191971425
1942,33.401803301906156
232,58.83502203823656
2284,56.32470092503975
770,37.042569515100624
2002,21.037423772910266
2402,52.15923133265316
1208,5.302628922615061
106,48.592589594886675
682,36.60145132709995
1117,32.25061238609
661,48.19389852426664
1629,24.23764150755036
864,18.162375451336867
428,45.8892333713149
135,52.06151891249622
1092,35.554743415535846
2155,34.55135354840096
1170,32.764863207953475
2857,47.396942652875374
2594,54.58183549139908
2183,47.67898716524335
610,12.586582452067745
1282,53.59783321912293
2020,24.104051982900497
1940,51.89497117892863
964,33.729143733046115
1799,40.88694483089251
2535,44.62270537894316
2775,25.39192121036818
2018,40.79898098509326
909,50.72723500793565
213,53.239457360841584
139,51.570288791395924
377,6.9287803350768655
774,12.648135923766585
283,28.962025668154745
1981,13.814985914297694
512,11.911234286636278
2068,33.39206068051994
1667,6.078531245720345
1083,56.60751090620783
1602,47.59854033733574
3209,43.19818478440825
1217,43.19472632132949
935,20.752153312245227
2765,45.95012833100648
1142,43.37003684762949
3234,54.34922144837596
2979,59.434257013502
2554,5.741740240753728
13,54.280343854626125
1698,55.530326204168794
3329,58.851541351434165
1456,55.15020395500197
3137,11.79294892042683
736,43.368407833050995
1793,49.03559251238415
2017,51.43451708001263
1075,48.43738470808037
3350,30.744263145046524
828,39.81467807382597
2241,34.82864891928678
2980,49.75389102226757
3223,48.09742681675959
587,11.527218159156014
1123,58.51702414943653
2316,14.075198783888927
875,8.178045734258363
1348,31.212009867049765
2899,47.76177985180809
2464,8.82578594715385
2944,33.04401841216922
1677,5.923470620587166
3172,26.840795326253467
2471,45.623007208097974
1374,33.642686617518024
1211,11.385060056666472
900,40.63158251330799
735,9.40081067470118
475,8.639585484414335
741,42.09687704184505
669,29.147074995108785
2588,43.30834997118939
2253,54.55793420198724
1894,17.627729714051153
2139,43.64389969877306
31,10.896672955188084
3286,32.09670555986289
2223,11.814974368274815
2662,47.088353568804635
2788,7.124706150305938
880,39.686318916363106
286,10.288878506112033
2323,30.200794639006247
2904,5.06487180318912
1678,12.727957931313002
1947,35.612060806555036
1912,32.101900510395
2047,25.287462736877266
1101,50.14844396426753
2022,15.614893172302544
2636,43.80027832138361
1506,28.10160424777768
2375,17.59169727156914
848,22.576864936054886
1435,56.58114173024637
1935,21.00542971726872
393,13.48822937589702
233,14.137750992595135
3288,54.06848105617112
1521,13.33816214124979
84,38.58472741437235
339,22.095137275463365
2730,40.8688422377355
946,21.565375777369162
430,10.972738376463372
2232,29.950731367829544
594,34.335582540842296
1644,36.777794670002166
2255,18.975329528499337
2830,51.11317171390557
349,7.410442882285652
238,38.84593962651196
3087,52.088358248752016
2163,23.554159915013795
3171,25.68400736223527
3256,26.08480366511541
800,13.352827292619715
441,55.642315336987686
2867,37.580060159030694
3129,16.77380032724949
511,6.9605450182565365
1683,12.978948665075128
353,36.590872803701274
1384,30.163858842692534
1265,22.358009935114644
2390,39.52109227049453
2414,16.172369446407725
1757,56.93164445007225
3345,15.246421741819493
109,28.156429881147787
2591,56.0504087450216
2309,38.002996417316034
865,29.30496249490969
49,6.02214578008479
2118,7.213804546881861
1133,43.915800789400436
1495,18.63654477214208
1949,43.76122720032789
2295,8.359423808411613
2258,54.22322622302869
617,38.87381111648036
2010,44.23161009958608
2353,33.34631787036989
1428,54.72902104523051
1717,47.215198439777325
100,22.906545676618276
99,58.66813279897591
632,16.064205256336802
689,24.334873038043362
2608,41.07775701446209
2870,53.55906162855081
1315,39.105297067246866
2826,48.9716447636565
3136,19.952525615324603
158,58.821848317878214
2340,25.106025257543408
1898,48.397460134628425
2393,59.76450097824804
3241,59.33065389272716
2825,33.60243703743552
299,48.764212073961936
2553,37.94511653346268
172,39.89095348230507
1905,31.288090620716503
2735,53.149277444978296
2248,59.580285711396655
22,37.0247968153101
2060,34.270501789429034
1129,42.32521713401546
2352,36.20724418718535
1451,32.288948204589985
385,49.276698931299684
1719,59.77931637725628
2612,5.459820202516412
45,48.23303070545682
2816,32.49781152711658
1877,26.480943626156453
1707,6.897729004038116
1982,37.323651578819224
1728,35.24985340140571
2823,27.371754512925495
123,50.02764586567161
643,5.88228356490883
2053,59.032778801051855
1279,18.56233860017274
813,17.212072635011076
2465,41.11855568360427
3215,47.83051430208952
1860,28.809255231919792
1847,47.93731972101275
260,57.46806717159132
823,22.111180394891417
1493,57.96033823499473
934,22.8977348505571
1511,38.28794640646683
2962,19.273667041650967
2365,56.940957351925775
3271,35.04058484812575
3032,52.071180553376244
1194,45.50131495422706
3011,30.448072696077578
2399,11.851878612896591
2916,55.552281863700024
2250,18.276874976192975
2378,55.26216034403901
1729,58.457727905867074
2637,11.895888745086864
2099,33.113039406509515
2069,7.552262291333224
1686,23.878702403611406
445,37.99928853893178
2096,23.226947284772983
2400,43.63143978703013
1557,32.04679705385409
954,13.629864970712624
29,12.198884105612564
1887,23.015041054395414
707,18.022113567242513
1472,25.47639017107283
683,19.647734307642274
2145,31.977562389731965
836,11.277602285236249
2294,51.3463421699319
637,15.17522383131771
1269,17.391936089332212
2001,24.63070696779266
2650,36.65587753554444
1611,8.203631150818676
2854,28.242962841489582
1748,41.84101590080308
887,34.89132534964206
2035,57.58978970747598
2142,41.971317014496485
2039,23.115315383977425
2879,57.309493038985465
944,46.57690221557657
1983,58.92503433914495
3088,49.94477422058684
817,13.155344103519335
749,51.98656269230915
112,48.919739145561735
79,35.57880303913757
738,32.88742462031651
3216,22.087893526817812
27,45.77148962735942
2410,6.870302133416251
1223,9.614718004977572
1499,17.70668477271724
359,14.353468656241716
2508,18.173829390541947
2440,5.050010720454982
2369,44.69552031526677
2162,17.510467558270438
2460,53.96117636545467
2362,5.862475044233561
2034,44.75335995068359
1375,8.143058293415091
1836,34.920330092639944
3346,54.435734155362915
3180,47.45871482918677
3140,30.302329721182183
1125,26.462105133946263
2116,34.77471148534579
2573,51.862424769796185
2570,38.05679570748225
2859,56.48036356355671
959,5.793561619679585
835,13.245732574879952
977,14.012212976313267
1726,37.555155995417834
1743,13.18229392970001
989,25.496600394086933
1484,40.91758616384689
3269,55.40068619804807
1579,26.340284055330596
1380,52.97673322878842
1186,17.457192506534383
1924,16.86650539857638
2561,13.980832859851628
467,52.04615850922961
1051,14.653600696224842
633,56.510179654535726
1773,36.24410550200601
3102,11.833677657919687
558,59.54714544472722
2158,31.372074300419076
2067,54.569619895955626
2921,27.550765899066604
2268,34.3351159960595
2492,9.078121141840343
1377,20.076832570462805
1709,47.56976631263209
2665,55.85596484295255
1235,21.360276979940696
953,12.552853459527274
2009,58.70651943900735
648,34.66028877917096
3024,28.42149983906765
65,19.05803866374715
3307,10.27187708360115
2198,19.04834874963413
1928,5.032435673696
136,15.163899501198262
866,27.03192351206442
1634,35.61233815544563
2767,34.95884175859227
1119,44.728039599738274
1200,9.382623358412545
750,47.984832372799715
1637,59.22068222197845
3037,56.706805595339866
2905,9.965672435344754
773,24.883517760498478
951,8.823238408970411
1106,25.01917197705836
2569,9.24112404474312
494,5.0529585696520485
396,40.93784791978024
815,41.534887801487976
1607,56.75415027079183
1502,51.52701754367521
3095,38.21702178421628
1880,20.516501981024653
2802,51.406089918054484
469,44.72200684276612
2971,27.330192608697562
2732,18.221457465588934
1383,47.97304236543452
1777,36.26650194129085
2877,10.688467666270505
1512,34.69304383051528
374,38.087009180630126
2546,16.403067982278635
1197,57.07988460294833
2748,51.868642942735505
3304,52.34711532063545
2869,16.473584849754825
2322,12.687230304679556
704,44.551122836969505
496,6.959476868793249
560,37.66093669203706
2334,32.654396583896755
1161,59.90269719394813
2112,56.23810968825453
1222,31.738683797401187
2714,17.63666925739892
1991,27.52971307804224
2110,41.802689426623125
971,37.795845965041366
727,13.808786158856797
2377,39.75932307372393
2013,34.46561315549441
2478,56.5668373453088
3272,37.45959073129768
1241,39.87700184802899
2894,14.39899355923638
1067,46.56141833670297
1227,16.718981303470102
2038,37.707803800665374
2970,18.470891724127817
2467,53.591589550813666
43,27.298572215477073
2270,39.137020249560095
258,33.6502060657137
3027,51.801292381040625
1788,14.489649293791498
1986,35.35817274491997
2048,22.169446876961647
1770,52.93082804684042
6,12.463253345627157
386,14.350990658353572
1550,54.52061277885547
2380,58.82459499660616
1879,24.458521804357137
2085,43.832915821101565
389,59.337011729557794
3276,54.26949435806385
3044,26.504652910383783
3072,9.477655243417551
1648,13.579640981458967
2749,26.849591892893265
2615,22.310561177037197
1466,42.6095795023417
1370,31.106735325413545
173,44.94124512318438
536,27.500721790452527
1480,23.890243964726576
1769,56.45241738308311
2672,56.735130806276906
2548,10.758962580626982
373,17.540802563355648
1094,41.39218724488009
2160,48.00292726170335
2912,48.97057020156659
2347,17.074927436652434
2418,20.759958330893156
2202,43.845306190550225
432,27.28684684730224
754,13.81608817899198
2794,40.20411554010844
1999,37.05583719561026
235,56.27098460590345
3158,47.296269358556216
492,44.99244716048881
38,12.130598882311691
2354,16.509925166381915
573,35.42415759816102
679,12.92915740794244
965,38.81555353559239
1084,50.051724639054605
2193,38.026938147966995
2884,13.61034278280695
2447,24.017147303503528
803,33.39513625341819
2810,25.60826158222223
348,52.03457941960849
1277,21.49273105791379
2117,21.88134152796901
3320,50.59570835725383
1394,28.516094881204115
2925,23.358546423331994
1516,6.743468802737738
2077,34.02321989875591
3060,28.772007566948428
721,18.359965024497114
1529,8.564127493840623
1703,33.232425488788664
247,43.54268700773829
2252,40.218583077269535
338,49.024790134757616
1805,51.04069204326334
1260,34.58733889896477
915,27.4124642658699
3047,43.58887998046287
1811,43.14685040098874
3020,54.20014323620203
1691,53.782611885797124
1136,35.88572409553306
2926,10.101749329701724
776,8.143024731601763
1188,20.83534783458819
2290,37.66361916308983
375,29.377440294814107
798,46.02755469781986
672,31.109409520820513
1467,24.006039849135995
2195,22.273861377151558
690,20.223832882124867
2529,8.111398344415843
961,5.571847765194077
2007,11.86463695012159
2584,19.402705518637678
2718,50.4007429586533
673,11.705940924983436
1643,54.55425478408236
36,20.52773220420105
83,18.786045391071777
1772,39.50850801150867
1192,13.823297405536646
2585,42.60683239922443
1820,33.12939326494751
1626,42.54764357823022
1910,46.51274341535206
3214,11.740980412389531
3175,41.36226863108683
2453,56.7266308061461
82,20.833633285381524
572,30.80114900971504
2392,27.726326593054576
278,7.4947253895444925
2403,20.445213816128927
2845,43.49073653440642
257,50.867721884960304
563,30.0769604659449
259,48.449537674838645
675,46.067668577422744
457,49.94631462654118
64,57.88614639672956
3096,16.26671989963726
3066,28.178627606624957
578,28.398531732849865
150,27.03106157292338
294,15.281287362324854
1164,41.22339257067534
1926,46.98619274793009
3204,49.16134954605949
2544,19.373221934158632
2820,40.38105767541454
806,23.09638834092795
1308,15.384102302001327
685,14.83781625809078
2881,26.975475760704253
162,47.56457669347345
2800,23.42522372006415
762,20.304834417477686
2804,32.650776654403685
1490,21.21968519065216
2631,9.701167311838137
911,20.837193362369224
2394,48.07088096073256
1255,17.960904089058722
331,19.37075576800673
2698,14.190724761552964
1387,24.938453040427607
1487,44.036237994747275
2773,6.055399971193596
1146,34.68841776849781
2395,16.722795317513196
1313,31.48842237379787
168,48.359695914592464
2911,22.4812574360311
2678,56.73895577587371
2673,45.54010493372125
1425,39.75548972667688
2285,16.953925884843134
779,16.62598902804979
575,58.81710233237536
670,18.237860761863125
747,44.22814502534077
3163,17.61490581674464
3313,14.71390262589265
2236,23.54618349228108
3006,23.833107254691257
3035,29.974276744927806
2534,18.982075525126962
16,56.34435509707588
1043,29.587468574302285
2934,16.40186722988351
2587,30.78050347019218
2008,12.776183271359042
780,55.49502763306199
2644,55.68688941530759
2927,12.391769047315432
3243,53.80799748177857
39,38.39409830294418
4,40.911362620236055
3061,55.038182242683206
1837,20.08092148132348
334,56.78982490117121
838,17.28798060939262
523,17.497432983792287
1693,48.65870178952478
1972,55.100514816988245
1332,58.361447521172735
3082,7.975695246344495
1897,58.00991618493064
159,28.40130112513767
859,11.009364864288635
3091,45.53927794000787
636,36.13260101338007
2382,21.876532359525214
1814,36.66040768960353
321,14.20883596942512
2717,56.835751372570925
3086,46.97421922297314
1135,40.88505649158583
660,26.88900558279193
2865,25.599099982228523
1756,37.478217438464846
2300,38.91826959431006
2543,39.360246176499174
920,13.056206704750556
3247,11.63958239331334
2231,49.57044117556178
1041,5.235807043348027
3181,7.171445551570406
1825,16.468263410769318
579,24.117816641230558
853,21.17077208922687
1865,57.7490174638776
1299,50.88918209330268
2832,11.463107389553969
1030,16.869927390699416
2532,13.958005337322463
1711,7.054247449181997
1800,17.01526670696866
590,54.25441205296645
907,7.760441178417544
784,56.7767332716611
878,48.52813422115439
292,20.646093187110722
2470,29.11284126785922
2760,58.22122726577478
1553,37.685935935614985
2032,20.032141029889587
2282,20.692117740033847
267,46.558085322222496
519,9.908595938791109
1206,42.969335387619964
2338,35.63399033124875
2446,18.85582824953017
1323,58.983485848901886
1307,10.619379994544609
1968,41.44271302413399
1552,43.49187980127687
2568,46.71673859532474
2176,9.649308448908764
2780,36.16960056882721
524,31.275799175767183
1796,47.34852914098761
2753,23.42448860569329
2953,48.63634001960362
1782,11.098364042651
1189,48.42418071950744
1452,54.976398564513985
792,54.2887320651745
1168,38.8764772165192
2124,35.42672577523014
615,57.088618187081295
3300,15.386882364732063
3298,41.19610304133867
1714,33.40125594279863
62,49.62566329773427
429,50.61609824428278
2363,24.932314996192254
2345,33.02011968496019
1298,26.695282980238666
922,41.407459977552534
1141,49.2932258013494
2114,9.510671621624184
2346,45.90331443436628
3248,38.545270857944594
26,22.105866362496396
387,19.024428802012118
2318,6.983826421919516
1992,44.30195652979973
3155,40.062419734510705
2226,54.38594121629499
1311,30.688570554496465
156,29.43280820753933
236,17.195596868869
2947,9.465716246081158
1616,14.327778197908675
981,51.83796053794605
2024,44.854688895496395
33,46.09978760461612
2104,17.869660943718554
73,9.60500566706239
1329,58.197778165282166
3093,28.248894812412846
55,23.26458130235957
1159,37.423042100246
516,19.903002293381903
1730,59.99627380177243
487,53.130073977023045
3159,56.253564992204815
408,52.66908821782762
1212,43.253358888758164
2299,20.910820927114774
1116,54.44516732700517
1659,22.0908850803078
1997,6.234897325707372
975,10.655907648245973
1895,45.67848783772363
3069,18.269990851775603
1020,29.749243314870267
3285,42.891367722092824
3301,48.054230072351494
1670,8.781395572623719
1618,30.21524876402928
645,18.421069127544154
3110,56.42663930790864
2420,27.999253475377007
567,25.17802034356631
1916,40.43257299594204
214,50.28413179854627
289,43.263795060815404
1900,11.718968228144629
3267,24.099419982322033
1549,32.48109153004257
3007,6.275458773708314
2761,55.37017524800477
2712,50.89530328683342
3025,54.91589526834636
2541,31.910622407181574
397,57.3251857566008
1151,54.97562475759694
647,24.63556122682502
2025,12.436076283405198
2004,39.853900292846454
2540,51.573632439659484
1994,28.52368307665864
982,42.20182382381194
2681,46.60885021024128
2882,11.860839779617335
824,37.29544618803073
2530,24.386479151834624
703,10.360308848116395
655,17.31078187277948
2528,38.641746213742245
1447,27.12781396913565
315,6.644649906305348
786,40.360103771323274
240,51.89789948696715
896,5.175679384943016
1093,16.551855399300585
138,6.062637284715167
640,42.10058495480544
2727,25.211972094709534
1111,13.408697399966403
2858,45.337289380241
2488,24.010428695376845
2079,52.459307444665384
659,49.59900197528753
473,21.617948381100227
692,44.26394275986364
1424,21.092142451386646
1570,38.34852722250114
730,8.546307244141904
3178,40.52210331230296
2616,19.3252590213177
1450,38.298655062539595
2501,36.4816149983085
968,50.407672099976544
598,40.16749355814111
1751,51.750936237162605
3111,48.570776399792614
2620,10.052756953968697
2705,40.611851033884115
1807,45.02823907873151
1443,40.14245911072836
503,40.51183258238024
1294,33.79868843124007
2054,24.79152678572084
963,58.814721635103
2524,24.905451802224785
2639,10.10306809911301
1045,33.09935252054902
1342,56.87727848133675
869,35.75137287574327
2438,42.475018472605335
811,41.469870826742586
1542,26.436025982108603
1615,54.67126053349897
1417,22.399284236665352
426,41.584475589821196
3191,56.95111151561025
753,41.05232302516338
3154,46.687652389777504
191,23.03935647012811
183,11.26422922846293
2357,29.309963691292285
1266,22.548799110715176
902,9.279000555297984
1274,22.882846165565194
2254,47.26607064755835
846,11.537180879699878
2170,11.468151854635904
357,34.993439876107985
3306,28.59223664415362
1249,49.150104586845664
2194,28.86844865009768
1107,17.58147527562085
1930,39.84225506532738
3112,10.424900739380382
242,57.166419695787624
1238,53.329876975475436
2657,12.839150011002202
2161,36.69763578710436
3070,48.00241956965405
423,35.48837104050196
1345,59.22354345813081
440,57.04066983211411
1666,56.93017849611349
1575,42.005127161976354
2383,55.270292270261564
1588,58.47933679250078
1612,29.114111446878958
3324,16.312487274146974
3327,20.686111436018077
732,45.52774800152857
1182,53.2690896512287
1395,54.048434536573126
2006,20.206908443165776
1347,17.830387548083962
3225,33.560126763067345
3097,54.17744505105646
589,41.41163634687152
3133,22.061339972697773
279,41.709078191566434
1150,12.190726116787026
1353,21.02565762731606
804,58.871800708509966
1399,24.351687131663102
86,37.13403986364053
2725,46.96789072045251
2931,58.33976141988501
537,55.940219974791255
1024,44.12981159934623
2355,49.92056604829949
1432,10.86861321220437
25,41.079694550058456
2896,21.99359583751187
3212,22.119554641241177
1915,56.807446810434925
1559,17.83026015103698
885,42.725605491167826
2243,48.51825877036283
493,59.1442864067718
1535,52.693296687315986
3294,49.066784781923346
161,35.85911701945754
725,43.25475430675209
2251,27.48526931483968
3166,14.41780058290138
1152,18.199202305110468
2267,19.113122919893897
3173,34.12934927830341
2122,26.785782065714205
2770,31.85001028561988
2388,50.195267094046784
1920,46.95760457039803
1224,34.815836706208614
2582,55.57251660494091
2206,37.96349637331157
2245,38.911123868668206
1668,31.363609212770697
520,21.491350840826218
1396,51.54975762817677
1062,26.36095153237604
3250,57.6461644447988
1674,52.47739257801493
2134,29.345925642472576
3161,58.82227294370991
3259,26.105411768155292
1174,16.897007584172407
2515,46.19326891758615
1147,24.551905392498227
1057,24.019382759801807
764,19.911045236209507
545,45.167111223659504
3132,20.488446929047903
3131,39.23692932523342
1157,23.308850351538947
1120,55.756669647264324
2329,10.341689582447422
1948,18.61069672371991
1610,15.390781699869041
2502,48.44858177686017
2664,40.719890389443776
2523,19.29253908564946
1054,36.06096070262369
1076,37.91212157751387
656,35.287875889701695
651,5.913266285916426
1460,24.155204900904607
1987,38.693653775133775
1138,48.39598434217706
3115,25.41707379468282
157,27.164844213498675
21,27.958675349591235
1819,33.11702044992926
2434,5.206139050662348
3176,12.776295693245897
687,47.62378500855715
1087,36.890545299279694
2511,19.757788926734243
2185,49.85362122026704
2940,46.00681971010491
510,17.2404228737252
2152,15.758291774438279
3339,27.215518457877078
2484,54.27124785852749
1761,56.82492751697909
480,52.57901958989699
1650,25.99720194812988
3122,49.22457532155706
1190,49.023446241464164
103,27.98766818547622
1438,10.39967596742978
602,33.59603566870067
223,33.75199954587288
1605,7.7013429619796225
2943,33.48105268251737
1110,40.498879582967284
663,44.76471938762165
3308,26.826912412896437
3210,43.670358824163245
1121,33.394740368578525
2190,46.659105302535224
2119,35.04677066016234
733,6.404027625335423
217,57.629913307573695
461,52.178756067580814
832,43.38741326754701
1741,11.511505392695618
708,18.43085554181923
2834,35.556051856082604
2133,22.400770287268575
1702,47.348233440541286
889,13.99109003695363
1604,33.652096077785146
3305,49.468680872944574
2618,25.760029763782242
1651,56.38700667302183
1415,5.137160937250312
2796,50.98220438206574
2901,26.87864255352104
1362,19.698296046818225
1088,57.056632030853066
460,35.751065069195704
871,37.34202357893382
3290,29.958346717132784
1158,42.44036187616198
211,50.612975841415526
312,25.476083091583096
2720,32.07614298038581
437,52.25546282949893
2211,21.577946685890904
151,8.79729107072231
1393,8.463978836445484
549,46.783529062253166
2745,49.92902753724905
2046,58.655418035075925
2902,24.89949894042438
3257,51.93405049055547
2036,47.9274505315227
2385,32.36098069081477
1262,37.456886136254596
2174,25.423564603872272
1229,39.013788715221324
1957,5.798546546598239
1048,54.177446584243704
987,58.13626166955602
2279,19.286854511646297
2058,33.994047738350304
1911,22.82508303852531
3302,48.936625273503964
2109,22.025370377837067
843,31.77395857482522
253,46.11509371857652
2606,5.192474849784822
234,52.75926288657291
2652,26.168371286116276
244,8.742901573788687
1783,54.666543412028545
3192,57.709299352277185
1864,58.86144469203722
950,16.637402408219224
3118,50.666328418517274
227,23.669263490286454
609,6.452987681992778
1827,42.09740036746412
436,15.205292409786747
2766,9.220250483798345
1246,47.49032279190347
1316,50.49505562986255
2328,59.15674629328355
2963,57.247658847109875
1888,30.835022392781674
2600,38.40525584088548
2811,13.513653738454789
1737,6.257180753014966
3153,55.82612575611743
455,12.978255223018135
1228,38.266013662195526
1704,44.87092544127158
841,26.587491561092502
1411,54.08750134547215
416,24.42117180395863
3094,47.01250141629469
1457,51.167772406284215
2667,27.970025981394095
1122,46.5235753363617
1124,49.60589431565395
3057,47.91356102735557
2898,33.95223360800713
418,37.09976076690346
1140,12.405916396688491
2043,12.887950073929474
2942,40.957530479870655
2897,54.41271837117627
332,52.61386637701508
799,12.047050111188113
472,28.437220834037312
3296,19.412264436270014
2613,9.426373506747545
347,50.85695645629278
1566,37.991667894161864
777,22.006841625491425
2237,53.73969052220351
699,19.170670020023586
2273,24.610946077361
2147,27.449769838737613
47,23.293430105844855
2443,5.701494717175653
2238,7.822397746363149
713,36.73426730398931
1404,33.93355070243339
3029,51.92018928204944
97,57.331882809465725
1809,21.42267096770813
116,23.906474945311412
2932,18.130642045928422
998,49.57418796245016
1518,16.106082846545064
2578,22.114021202161872
1464,6.2715883151203276
1970,48.53853684601759
2128,40.516730339276855
553,41.640820359800514
3,17.50286974026684
2876,23.013396434767955
1775,12.703045443598063
70,7.925442403933756
3116,13.932727395162283
2050,27.99994844670163
1692,22.889812528646473
2855,56.18860638796815
742,51.834336110871654
1713,6.3389297279372645
1740,28.784751735559453
831,28.3221230386237
698,42.77403636712922
508,8.204028617737357
2027,46.4705748534978
2441,14.32761333744405
2550,10.406154447671813
215,27.98726762078115
1661,19.20364328582622
948,32.9391223153318
1990,22.058075184278504
1006,13.65680689439002
1795,23.26393824591004
1416,14.825537111272629
2489,13.921563063522186
2758,21.73851362515656
613,14.087544126585808
3054,6.643738872414504
2504,37.06637929479695
642,28.27970036946251
527,23.241786365761698
1005,10.589745787542135
3263,42.0976412367313
1039,7.547000630941581
1281,59.35022736105481
983,21.772113535462413
1275,5.375458602162615
1494,10.055881221717591
2533,6.035626911818328
1210,38.87323114187518
626,46.0108542111102
752,15.756958010758986
3205,56.65384452850159
2684,20.66125895665573
305,28.504488410193655
3246,25.694547541656593
1569,19.66115935508736
1172,19.080124023619813
3348,35.7356051111024
2635,29.769785885522584
1072,9.087879172160726
3279,17.665310397831917
1475,47.33510764956403
1655,37.008307816128315
2233,14.986013393424022
976,24.206026116599485
1461,12.49047265609893
1931,18.67961578888041
208,25.91234023463661
2974,36.63280756130212
1857,37.61242893704124
2028,24.17285332382427
771,32.87768217981149
2813,54.40786467408131
2609,16.842968619730044
1283,55.286221102896675
2967,49.712266720086774
2746,52.70370237472083
358,58.20931521840001
2590,17.86111305918036
3083,55.79739982606498
872,7.0483119431511865
394,13.069645798362636
1768,30.041929197943492
2396,52.05933316114092
870,41.67122878441111
2063,6.097619411257874
2275,19.09641486356595
3126,43.176045227213905
1952,36.95865552149115
352,55.446541809756795
888,20.14153982667963
1403,54.330660474869
1402,46.46414803140164
369,27.240383303263634
1848,18.152992283096193
778,33.37069926167588
630,45.852767061057875
2172,27.945926464639317
1018,53.1592981372211
2531,25.330763880112666
2098,15.1911262526084
2850,46.27884641448616
1446,45.62782620642231
2880,8.265110785253178
1070,44.95851656158788
1273,22.169815885805153
2960,12.797156807676629
2948,43.443341767372786
2939,35.90639913435919
2224,43.17474947007428
448,44.43937808682478
571,8.188923567205666
206,16.907091530749522
504,23.3134626942641
2518,51.568359303605604
955,19.641279298696134
1913,37.9498136462476
2605,17.223397703266464
2339,30.97039375459975
425,51.584745398434954
695,38.28999428217374
3251,47.91842340165525
1455,46.11625789082921
808,23.491637462296243
761,49.48178891127688
1231,37.94421676192801
2806,55.36714832562576
1268,13.147283676553872
318,44.404037861165584
2031,42.992512348209246
1109,20.786422913651087
1183,28.63333851849209
300,34.33877424116121
229,8.041516296940028
1013,46.419300846461034
245,44.0260729328101
691,43.437840852288524
120,34.47869296571065
638,10.814800976371473
2851,12.115046796693871
1259,39.910706062831025
1736,6.68383834866509
1163,40.174501604967794
178,23.04994152322261
1256,34.41911870053578
501,56.97863087620428
2487,25.26858158415931
2127,14.20790013362465
1459,34.4881063760108
343,13.485900912179773
2192,10.296253281950431
3217,50.26822810567104
2949,37.94419607142885
145,54.87402068249001
1934,20.077206335785412
2179,37.867865739991615
249,36.13610327691568
1628,17.95318001702907
696,24.708978391893428
2303,53.611379616940965
2205,47.56961674620341
795,38.803500522293675
149,53.6660078673116
2687,45.47923863611332
1017,45.10520196431812
1763,30.5997503274679
1171,34.548655874482705
2886,22.18636459171755
476,15.663530561939467
3336,57.38826278418994
91,21.83903894489107
1580,52.2009358103081
122,50.25361361947692
2728,26.16196506721798
2747,32.075785582467276
2630,20.102178438771855
2486,18.543058713410666
960,54.55982208310362
582,30.10564750513863
2281,57.81277347995728
2360,46.660083247033825
1239,34.29540698019163
3188,24.118159307278063
3055,33.44666332658925
2740,48.55664095397487
147,38.91139475868915
2348,41.18136999370379
1102,37.67338838366127
246,41.619606460981586
1015,38.34830273619493
1008,21.808678361025887
2959,15.319640870196615
1842,48.414945443420706
723,38.55417722100422
78,16.455472061039934
2331,12.502198638314576
1243,17.801000362839304
2040,40.266116385656076
731,57.107144386118186
